,Head,HeadGeneName,TailGeneName,Tail,Score,Relationship,Head_len,Tail_len
0,O09061,Psmb1,Psma1,Q9R1P4,1.0,PHYSICAL_INTERACTION,240,263
3,P99026,Psmb4,Psma1,Q9R1P4,1.0,PHYSICAL_INTERACTION,264,263
14,P70196,Traf6,Tab2,Q99K90,0.995996,PHYSICAL_INTERACTION,530,693
17,Q8K2T8,Paf1,Leo1,Q5XJE5,0.995996,PHYSICAL_INTERACTION,535,667
18,O08863,Birc3,Tlr4,Q9QUK6,0.994995,PHYSICAL_INTERACTION,600,835
21,P70196,Traf6,Tlr4,Q9QUK6,0.994995,PHYSICAL_INTERACTION,530,835
23,P70196,Traf6,Tab1,Q8CF89,0.994995,PHYSICAL_INTERACTION,530,502
24,P70196,Traf6,Ticam2,Q8BJQ4,0.994995,PHYSICAL_INTERACTION,530,232
25,O88522,Ikbkg,Tlr4,Q9QUK6,0.994995,PHYSICAL_INTERACTION,412,835
32,Q9DCT2,Ndufs3,Ndufs4,Q9CXZ1,0.993994,PHYSICAL_INTERACTION,263,175
35,Q9DCT2,Ndufs3,Ndufs1,Q91VD9,0.993994,PHYSICAL_INTERACTION,263,727
37,P30285,Cdk4,Ccnd1,P25322,0.993994,PHYSICAL_INTERACTION,303,295
41,Q9CQ75,Ndufa2,Ndufs1,Q91VD9,0.993994,PHYSICAL_INTERACTION,99,727
43,Q9DCT2,Ndufs3,Ndufs7,Q9DC70,0.993994,PHYSICAL_INTERACTION,263,224
46,P99026,Psmb4,Psma3,O70435,0.993994,PHYSICAL_INTERACTION,264,255
47,Q9DCT2,Ndufs3,Ndufa7,Q9Z1P6,0.992993,PHYSICAL_INTERACTION,263,113
49,P99026,Psmb4,Psmb1,O09061,0.992993,PHYSICAL_INTERACTION,264,240
50,P12787,Cox5a,mt-Co2,P00405,0.992993,PHYSICAL_INTERACTION,146,227
51,P99026,Psmb4,Psmb7,P70195,0.992993,PHYSICAL_INTERACTION,264,277
53,O09061,Psmb1,Psmb8,P28063,0.992993,PHYSICAL_INTERACTION,240,276
57,P99026,Psmb4,Psmb10,O35955,0.992993,PHYSICAL_INTERACTION,264,273
59,O09061,Psmb1,Psmb7,P70195,0.992993,PHYSICAL_INTERACTION,240,277
63,P84099,Rpl19,Rpl27,P61358,0.991992,PHYSICAL_INTERACTION,196,136
69,P05132,Prkaca,Pkia,P63248,0.991992,PHYSICAL_INTERACTION,351,76
70,Q9D8B4,Ndufa11,Ndufs5,Q99LY9,0.991992,PHYSICAL_INTERACTION,141,106
72,P84099,Rpl19,Rpl3,P27659,0.991992,PHYSICAL_INTERACTION,196,403
76,P84099,Rpl19,Rps29,P62274,0.991992,PHYSICAL_INTERACTION,196,56
79,P84099,Rpl19,Rpl31,P62900,0.991992,PHYSICAL_INTERACTION,196,125
80,P84099,Rpl19,Rpl38,Q9JJI8,0.991992,PHYSICAL_INTERACTION,196,70
82,P84099,Rpl19,Rps7,P62082,0.991992,PHYSICAL_INTERACTION,196,194
84,P84099,Rpl19,Rpl35a,O55142,0.991992,PHYSICAL_INTERACTION,196,110
85,Q9CQ75,Ndufa2,Ndufb9,Q9CQJ8,0.991992,PHYSICAL_INTERACTION,99,179
90,P84099,Rpl19,Rpl37a,P61514,0.991992,PHYSICAL_INTERACTION,196,92
93,P84099,Rpl19,Rpl28,P41105,0.991992,PHYSICAL_INTERACTION,196,137
99,Q9CQ75,Ndufa2,Ndufb3,Q9CQZ6,0.991992,PHYSICAL_INTERACTION,99,104
100,O70422,Gtf2h4,Gtf2h3,Q8VD76,0.991992,PHYSICAL_INTERACTION,463,309
102,P84099,Rpl19,Rpl21,O09167,0.991992,PHYSICAL_INTERACTION,196,160
106,Q9D8B4,Ndufa11,Ndufs1,Q91VD9,0.991992,PHYSICAL_INTERACTION,141,727
108,Q9D8B4,Ndufa11,Ndufb5,Q9CQH3,0.991992,PHYSICAL_INTERACTION,141,189
110,Q9D8B4,Ndufa11,Ndufv3,Q8BK30,0.991992,PHYSICAL_INTERACTION,141,104
112,Q9D8B4,Ndufa11,Ndufs7,Q9DC70,0.991992,PHYSICAL_INTERACTION,141,224
113,Q9CQ75,Ndufa2,mt-Nd3,P03899,0.991992,PHYSICAL_INTERACTION,99,115
119,P84099,Rpl19,Rps27a,P62983,0.991992,PHYSICAL_INTERACTION,196,156
120,Q9D8B4,Ndufa11,Ndufs3,Q9DCT2,0.991992,PHYSICAL_INTERACTION,141,263
124,Q80UW8,Polr2e,Polr2g,P62488,0.991992,PHYSICAL_INTERACTION,210,172
129,P84099,Rpl19,Rps28,P62858,0.991992,PHYSICAL_INTERACTION,196,69
130,Q9D8B4,Ndufa11,Ndufb3,Q9CQZ6,0.991992,PHYSICAL_INTERACTION,141,104
131,P84099,Rpl19,Rps12,P63323,0.991992,PHYSICAL_INTERACTION,196,132
132,O70422,Gtf2h4,Mnat1,P51949,0.991992,PHYSICAL_INTERACTION,463,309
136,Q9D8B4,Ndufa11,Ndufb6,Q3UIU2,0.991992,PHYSICAL_INTERACTION,141,128
138,P84099,Rpl19,Rps26,P62855,0.991992,PHYSICAL_INTERACTION,196,115
142,P84099,Rpl19,Rps19,Q9CZX8,0.991992,PHYSICAL_INTERACTION,196,145
143,O70422,Gtf2h4,Gtf2e1,Q9D0D5,0.991992,PHYSICAL_INTERACTION,463,440
146,P84099,Rpl19,Rps6,P62754,0.991992,PHYSICAL_INTERACTION,196,249
147,Q80UW8,Polr2e,Polr2d,Q9D7M8,0.991992,PHYSICAL_INTERACTION,210,142
149,P84099,Rpl19,Rpl18a,P62717,0.991992,PHYSICAL_INTERACTION,196,176
151,O70422,Gtf2h4,Gtf2h5,Q8K2X8,0.991992,PHYSICAL_INTERACTION,463,71
152,O70422,Gtf2h4,Ercc3,P49135,0.991992,PHYSICAL_INTERACTION,463,783
154,O70422,Gtf2h4,Gtf2e2,Q9D902,0.991992,PHYSICAL_INTERACTION,463,292
156,P84099,Rpl19,Rps24,P62849,0.991992,PHYSICAL_INTERACTION,196,133
157,Q9D8B4,Ndufa11,Ndufa2,Q9CQ75,0.991992,PHYSICAL_INTERACTION,141,99
158,Q80UW8,Polr2e,Gtf2f2,Q8R0A0,0.991992,PHYSICAL_INTERACTION,210,249
159,Q80UW8,Polr2e,Polr2h,Q923G2,0.991992,PHYSICAL_INTERACTION,210,150
163,Q9DCT2,Ndufs3,Ndufb9,Q9CQJ8,0.991992,PHYSICAL_INTERACTION,263,179
166,P05132,Prkaca,Prkar2b,P31324,0.991992,PHYSICAL_INTERACTION,351,416
168,Q9D8B4,Ndufa11,Ndufa10,Q99LC3,0.991992,PHYSICAL_INTERACTION,141,355
169,Q80UW8,Polr2e,Polr2i,P60898,0.991992,PHYSICAL_INTERACTION,210,125
174,Q9DCT2,Ndufs3,mt-Nd3,P03899,0.991992,PHYSICAL_INTERACTION,263,115
175,Q9D8B4,Ndufa11,Ndufs4,Q9CXZ1,0.991992,PHYSICAL_INTERACTION,141,175
178,Q80UW8,Polr2e,Polr2j,O08740,0.991992,PHYSICAL_INTERACTION,210,117
179,Q80UW8,Polr2e,Polr2l,P62876,0.991992,PHYSICAL_INTERACTION,210,67
182,Q80UW8,Polr2e,Polr2k,Q63871,0.991992,PHYSICAL_INTERACTION,210,58
183,Q80UW8,Polr2e,Polr2b,Q8CFI7,0.991992,PHYSICAL_INTERACTION,210,1174
186,O70422,Gtf2h4,Gtf2h1,Q9DBA9,0.991992,PHYSICAL_INTERACTION,463,547
189,P30285,Cdk4,Ccnd3,P30282,0.991992,PHYSICAL_INTERACTION,303,292
192,Q9DCT2,Ndufs3,mt-Nd5,P03921,0.991992,PHYSICAL_INTERACTION,263,607
194,Q9DCT2,Ndufs3,mt-Nd6,P03925,0.991992,PHYSICAL_INTERACTION,263,172
196,Q9D8B4,Ndufa11,mt-Nd5,P03921,0.991992,PHYSICAL_INTERACTION,141,607
203,P84099,Rpl19,Rpl26,P61255,0.990991,PHYSICAL_INTERACTION,196,145
205,Q9DCT2,Ndufs3,Ndufv3,Q8BK30,0.990991,PHYSICAL_INTERACTION,263,104
217,P84099,Rpl19,Rps20,P60867,0.990991,PHYSICAL_INTERACTION,196,119
219,P84099,Rpl19,Rpsa,P14206,0.990991,PHYSICAL_INTERACTION,196,295
225,P84099,Rpl19,Eef2,P58252,0.990991,PHYSICAL_INTERACTION,196,858
226,P84099,Rpl19,Rpl14,Q9CR57,0.990991,PHYSICAL_INTERACTION,196,217
230,P12787,Cox5a,Cyc1,Q9D0M3,0.990991,PHYSICAL_INTERACTION,146,325
234,P84099,Rpl19,Rpl4,Q9D8E6,0.990991,PHYSICAL_INTERACTION,196,419
235,P84099,Rpl19,Rpl12,P35979,0.990991,PHYSICAL_INTERACTION,196,165
244,Q9CQ75,Ndufa2,Ndufb5,Q9CQH3,0.990991,PHYSICAL_INTERACTION,99,189
246,P99026,Psmb4,Psma2,P49722,0.990991,PHYSICAL_INTERACTION,264,234
247,P84099,Rpl19,Rps8,P62242,0.990991,PHYSICAL_INTERACTION,196,208
252,Q9DCT2,Ndufs3,Ndufa8,Q9DCJ5,0.990991,PHYSICAL_INTERACTION,263,172
254,P84099,Rpl19,Rps5,P97461,0.990991,PHYSICAL_INTERACTION,196,204
256,O09061,Psmb1,Psma2,P49722,0.990991,PHYSICAL_INTERACTION,240,234
260,O09061,Psmb1,Psma3,O70435,0.990991,PHYSICAL_INTERACTION,240,255
262,P84099,Rpl19,Rps2,P25444,0.990991,PHYSICAL_INTERACTION,196,293
268,P84099,Rpl19,Rpl27a,P14115,0.990991,PHYSICAL_INTERACTION,196,148
270,P84099,Rpl19,Rpl24,Q8BP67,0.990991,PHYSICAL_INTERACTION,196,157
271,P84099,Rpl19,Rps3,P62908,0.990991,PHYSICAL_INTERACTION,196,243
273,P84099,Rpl19,Rps23,P62267,0.990991,PHYSICAL_INTERACTION,196,143
276,P84099,Rpl19,Rpl8,P62918,0.990991,PHYSICAL_INTERACTION,196,257
277,O09061,Psmb1,Psma6,Q9QUM9,0.990991,PHYSICAL_INTERACTION,240,246
283,O09061,Psmb1,Psmb2,Q9R1P3,0.990991,PHYSICAL_INTERACTION,240,201
284,P99026,Psmb4,Psmb2,Q9R1P3,0.990991,PHYSICAL_INTERACTION,264,201
289,P99026,Psmb4,Psma6,Q9QUM9,0.990991,PHYSICAL_INTERACTION,264,246
292,Q9CQ75,Ndufa2,Ndufv3,Q8BK30,0.990991,PHYSICAL_INTERACTION,99,104
308,P84099,Rpl19,Rpl5,P47962,0.990991,PHYSICAL_INTERACTION,196,297
311,P99026,Psmb4,Psmb8,P28063,0.990991,PHYSICAL_INTERACTION,264,276
316,Q9DCT2,Ndufs3,Ndufs5,Q99LY9,0.990991,PHYSICAL_INTERACTION,263,106
322,Q9DCT2,Ndufs3,Ndufb3,Q9CQZ6,0.990991,PHYSICAL_INTERACTION,263,104
326,Q9CQ75,Ndufa2,Ndufs7,Q9DC70,0.990991,PHYSICAL_INTERACTION,99,224
330,P84099,Rpl19,Rps3a1,P97351,0.990991,PHYSICAL_INTERACTION,196,264
344,Q9CQ75,Ndufa2,Ndufa8,Q9DCJ5,0.990991,PHYSICAL_INTERACTION,99,172
347,O88522,Ikbkg,Ikbkb,O88351,0.990991,PHYSICAL_INTERACTION,412,757
351,Q9CQ75,Ndufa2,Ndufs4,Q9CXZ1,0.990991,PHYSICAL_INTERACTION,99,175
352,Q9CQ75,Ndufa2,Ndufa10,Q99LC3,0.990991,PHYSICAL_INTERACTION,99,355
355,Q9CQ75,Ndufa2,Ndufs3,Q9DCT2,0.990991,PHYSICAL_INTERACTION,99,263
357,Q9CQ75,Ndufa2,Ndufs5,Q99LY9,0.990991,PHYSICAL_INTERACTION,99,106
358,Q9CQ75,Ndufa2,Ndufa7,Q9Z1P6,0.990991,PHYSICAL_INTERACTION,99,113
371,P84099,Rpl19,Rps25,P62852,0.990991,PHYSICAL_INTERACTION,196,125
372,P84099,Rpl19,Rpl6,P47911,0.990991,PHYSICAL_INTERACTION,196,296
376,Q9JJ66,Cdc20,Cdc27,A2A6Q5,0.98999,PHYSICAL_INTERACTION,499,825
377,Q99J95,Cdk9,Ccnt1,Q9QWV9,0.98999,PHYSICAL_INTERACTION,372,724
379,P99026,Psmb4,Psmd14,O35593,0.98999,PHYSICAL_INTERACTION,264,310
386,Q924H2,Med15,Med18,Q9CZ82,0.988989,PHYSICAL_INTERACTION,789,208
389,Q9DB91,Med29,Med18,Q9CZ82,0.988989,PHYSICAL_INTERACTION,199,208
392,Q9DCT2,Ndufs3,mt-Nd4l,P03903,0.987988,PHYSICAL_INTERACTION,263,98
394,Q99J09,Wdr77,Prmt5,Q8CIG8,0.987988,PHYSICAL_INTERACTION,342,637
396,Q9CQ75,Ndufa2,Ndufa13,Q9ERS2,0.987988,PHYSICAL_INTERACTION,99,144
397,P99026,Psmb4,Psmb6,Q60692,0.987988,PHYSICAL_INTERACTION,264,238
399,Q99K74,Med24,Med18,Q9CZ82,0.987988,PHYSICAL_INTERACTION,987,208
400,Q9DCT2,Ndufs3,mt-Nd2,P03893,0.987988,PHYSICAL_INTERACTION,263,345
401,Q9DCT2,Ndufs3,Ndufa13,Q9ERS2,0.987988,PHYSICAL_INTERACTION,263,144
404,P12787,Cox5a,Cox4i1,P19783,0.986987,PHYSICAL_INTERACTION,146,169
405,P99026,Psmb4,Psmb9,P28076,0.986987,PHYSICAL_INTERACTION,264,219
406,Q8BW10,Nob1,Riok2,Q9CQS5,0.986987,PHYSICAL_INTERACTION,403,547
409,Q61239,Fnta,Fntb,Q8K2I1,0.986987,PHYSICAL_INTERACTION,377,437
414,P62814,Atp6v1b2,Atp6v1e1,P50518,0.985986,PHYSICAL_INTERACTION,511,226
423,Q9CQ40,Mrpl49,Mrpl19,Q9D338,0.985986,PHYSICAL_INTERACTION,166,292
426,P99026,Psmb4,Psmd7,P26516,0.985986,PHYSICAL_INTERACTION,264,321
432,Q80UW8,Polr2e,Polr3f,Q921X6,0.985986,PHYSICAL_INTERACTION,210,316
440,Q76MZ3,Ppp2r1a,Ppp2ca,P63330,0.985986,PHYSICAL_INTERACTION,589,309
443,Q76MZ3,Ppp2r1a,Ppp2r2a,Q6P1F6,0.985986,PHYSICAL_INTERACTION,589,447
447,P16254,Srp14,Srp9,P49962,0.985986,PHYSICAL_INTERACTION,110,86
459,P62814,Atp6v1b2,Atp6v1g2,Q9WTT4,0.985986,PHYSICAL_INTERACTION,511,118
467,Q8K2T8,Paf1,Rtf1,A2AQ19,0.985986,PHYSICAL_INTERACTION,535,715
468,Q9D773,Mrpl2,Mrpl13,Q9D1P0,0.985986,PHYSICAL_INTERACTION,306,178
480,P56382,Atp5e,Atp5d,Q9D3D9,0.984985,PHYSICAL_INTERACTION,52,168
481,P56382,Atp5e,Atp5h,Q9DCX2,0.984985,PHYSICAL_INTERACTION,52,161
482,Q9CQW1,Ykt6,Stx5a,Q8K1E0,0.984985,PHYSICAL_INTERACTION,198,355
485,Q80UW8,Polr2e,Leo1,Q5XJE5,0.984985,PHYSICAL_INTERACTION,210,667
487,Q9CQA3,Sdhb,Sdhd,Q9CXV1,0.984985,PHYSICAL_INTERACTION,282,159
491,Q9JJ66,Cdc20,Anapc7,Q9WVM3,0.984985,PHYSICAL_INTERACTION,499,565
492,P70196,Traf6,Mavs,Q8VCF0,0.984985,PHYSICAL_INTERACTION,530,503
495,Q9CQA3,Sdhb,Sdha,Q8K2B3,0.984985,PHYSICAL_INTERACTION,282,664
497,P56382,Atp5e,Atp5pb,Q9CQQ7,0.984985,PHYSICAL_INTERACTION,52,256
498,P56382,Atp5e,Atp5c1,Q91VR2,0.984985,PHYSICAL_INTERACTION,52,298
505,Q8CCF0,Prpf31,Prpf3,Q922U1,0.984985,PHYSICAL_INTERACTION,499,683
513,P37238,Pparg,Rxra,P28700,0.984985,PHYSICAL_INTERACTION,505,467
514,P84099,Rpl19,Rps17,P63276,0.984985,PHYSICAL_INTERACTION,196,135
533,P99026,Psmb4,Psmd4,O35226,0.983984,PHYSICAL_INTERACTION,264,376
537,O09061,Psmb1,Psmd14,O35593,0.983984,PHYSICAL_INTERACTION,240,310
545,Q9CQW1,Ykt6,Bet1,O35623,0.983984,PHYSICAL_INTERACTION,198,118
550,P56382,Atp5e,Atp5j,P97450,0.983984,PHYSICAL_INTERACTION,52,108
553,Q3TBW2,Mrpl10,Mrpl16,Q99N93,0.983984,PHYSICAL_INTERACTION,262,251
555,O09061,Psmb1,Psmd4,O35226,0.983984,PHYSICAL_INTERACTION,240,376
558,P99026,Psmb4,Psmd6,Q99JI4,0.983984,PHYSICAL_INTERACTION,264,389
561,O09061,Psmb1,Psmb10,O35955,0.983984,PHYSICAL_INTERACTION,240,273
563,Q8CHW4,Eif2b5,Eif2s2,Q99L45,0.982983,PHYSICAL_INTERACTION,717,331
569,Q80UW8,Polr2e,Gtf2b,P62915,0.982983,PHYSICAL_INTERACTION,210,316
573,P84099,Rpl19,Eif6,O55135,0.982983,PHYSICAL_INTERACTION,196,245
578,P12787,Cox5a,mt-Co1,P00397,0.982983,PHYSICAL_INTERACTION,146,514
580,Q9CQ75,Ndufa2,mt-Nd5,P03921,0.982983,PHYSICAL_INTERACTION,99,607
582,Q9CQ75,Ndufa2,mt-Nd2,P03893,0.982983,PHYSICAL_INTERACTION,99,345
588,Q8K4Z5,Sf3a1,Sf3a3,Q9D554,0.982983,PHYSICAL_INTERACTION,791,501
590,O70422,Gtf2h4,Ercc2,O08811,0.981982,PHYSICAL_INTERACTION,463,760
592,Q80UW8,Polr2e,Ercc3,P49135,0.981982,PHYSICAL_INTERACTION,210,783
595,Q9CQ40,Mrpl49,Mrpl46,Q9EQI8,0.981982,PHYSICAL_INTERACTION,166,283
598,Q9D8B4,Ndufa11,mt-Nd2,P03893,0.980981,PHYSICAL_INTERACTION,141,345
606,Q80UW8,Polr2e,Polr1e,Q8K202,0.980981,PHYSICAL_INTERACTION,210,482
609,Q9JME7,Trappc2l,Trappc5,Q9CQA1,0.97998,PHYSICAL_INTERACTION,139,188
613,P42582,Nkx2-5,Mef2a,Q60929,0.97998,PHYSICAL_INTERACTION,318,498
615,P51863,Atp6v0d1,Atp6v0c,P63082,0.97998,PHYSICAL_INTERACTION,351,155
623,Q80UW8,Polr2e,Med7,Q9CZB6,0.97998,PHYSICAL_INTERACTION,210,233
629,P37040,Por,Hmox1,P14901,0.97998,PHYSICAL_INTERACTION,678,289
637,P51863,Atp6v0d1,Atp6ap2,Q9CYN9,0.97998,PHYSICAL_INTERACTION,351,350
652,O88522,Ikbkg,Ubb,P0CG49,0.97998,PHYSICAL_INTERACTION,412,305
654,P84091,Ap2m1,Necap2,Q9D1J1,0.97998,PHYSICAL_INTERACTION,435,266
668,Q61239,Fnta,Pggt1b,Q8BUY9,0.97998,PHYSICAL_INTERACTION,377,377
671,Q9CQ71,Rpa3,Wrn,O09053,0.97998,PHYSICAL_INTERACTION,121,1401
677,Q8K363,Ddx18,Rsl1d1,Q8BVY0,0.978979,PHYSICAL_INTERACTION,660,452
684,Q922U1,Prpf3,Sart1,Q9Z315,0.978979,PHYSICAL_INTERACTION,683,806
700,Q9JJ66,Cdc20,Cdc23,Q8BGZ4,0.978979,PHYSICAL_INTERACTION,499,597
701,Q922U1,Prpf3,Lsm6,P62313,0.978979,PHYSICAL_INTERACTION,683,80
705,Q9CQ40,Mrpl49,Mrpl36,Q99N90,0.978979,PHYSICAL_INTERACTION,166,102
723,Q61881,Mcm7,Cdc6,O89033,0.978979,PHYSICAL_INTERACTION,719,562
724,Q91YR7,Prpf6,Sf3b6,P59708,0.978979,PHYSICAL_INTERACTION,941,125
731,Q9D8B4,Ndufa11,Uqcr10,Q8R1I1,0.978979,PHYSICAL_INTERACTION,141,64
740,O09061,Psmb1,Psmc4,P54775,0.978979,PHYSICAL_INTERACTION,240,418
741,Q80UW8,Polr2e,Supt4a,P63271,0.978979,PHYSICAL_INTERACTION,210,117
743,Q91YR7,Prpf6,Sf3a2,Q62203,0.978979,PHYSICAL_INTERACTION,941,475
751,P56382,Atp5e,mt-Atp6,P00848,0.978979,PHYSICAL_INTERACTION,52,226
763,Q922U1,Prpf3,Lsm8,Q6ZWM4,0.978979,PHYSICAL_INTERACTION,683,96
764,Q9DB90,Smg9,Smg8,Q8VE18,0.978979,PHYSICAL_INTERACTION,520,991
769,Q91YR7,Prpf6,Snrnp40,Q6PE01,0.978979,PHYSICAL_INTERACTION,941,358
772,Q8K4Z5,Sf3a1,Sf1,Q64213,0.978979,PHYSICAL_INTERACTION,791,653
773,Q91YR7,Prpf6,Snrpg,P62309,0.978979,PHYSICAL_INTERACTION,941,76
784,Q8K4Z5,Sf3a1,Sf3a2,Q62203,0.978979,PHYSICAL_INTERACTION,791,475
789,Q8K4Z5,Sf3a1,Ncbp2,Q9CQ49,0.978979,PHYSICAL_INTERACTION,791,156
801,Q91YR7,Prpf6,Prpf31,Q8CCF0,0.978979,PHYSICAL_INTERACTION,941,499
802,P07903,Ercc1,Ercc4,Q9QZD4,0.978979,PHYSICAL_INTERACTION,298,917
806,Q80UW8,Polr2e,Polr3c,Q9D483,0.978979,PHYSICAL_INTERACTION,210,533
807,O35130,Emg1,Bysl,O54825,0.978979,PHYSICAL_INTERACTION,244,436
809,Q8K2T8,Paf1,Cdc73,Q8JZM7,0.978979,PHYSICAL_INTERACTION,535,531
810,Q9CQ40,Mrpl49,Mrpl30,Q9D7N6,0.978979,PHYSICAL_INTERACTION,166,160
814,Q9JJ66,Cdc20,Ccna2,P51943,0.978979,PHYSICAL_INTERACTION,499,422
816,Q8BW10,Nob1,Bysl,O54825,0.978979,PHYSICAL_INTERACTION,403,436
821,Q8BW10,Nob1,Ltv1,Q6NSQ7,0.978979,PHYSICAL_INTERACTION,403,470
822,Q9JJ66,Cdc20,Anapc10,Q8K2H6,0.978979,PHYSICAL_INTERACTION,499,185
823,O35130,Emg1,Nol6,Q8R5K4,0.978979,PHYSICAL_INTERACTION,244,1152
827,Q8K4Z5,Sf3a1,Snrpa1,P57784,0.978979,PHYSICAL_INTERACTION,791,255
829,Q8CH02,Sugp1,Dhx15,O35286,0.978979,PHYSICAL_INTERACTION,643,795
830,Q61881,Mcm7,Gins2,Q9D600,0.978979,PHYSICAL_INTERACTION,719,185
849,Q9CQ40,Mrpl49,Mrpl4,Q9DCU6,0.978979,PHYSICAL_INTERACTION,166,294
852,Q9CQ40,Mrpl49,Mrpl41,Q9CQN7,0.978979,PHYSICAL_INTERACTION,166,135
857,Q9CQ75,Ndufa2,Cyc1,Q9D0M3,0.978979,PHYSICAL_INTERACTION,99,325
865,Q9CQ40,Mrpl49,Mrpl44,Q9CY73,0.978979,PHYSICAL_INTERACTION,166,333
872,Q9D773,Mrpl2,Mrpl4,Q9DCU6,0.978979,PHYSICAL_INTERACTION,306,294
878,Q80UW8,Polr2e,Polr3d,Q91WD1,0.978979,PHYSICAL_INTERACTION,210,398
887,Q80UW8,Polr2e,Polr1c,P52432,0.978979,PHYSICAL_INTERACTION,210,346
888,Q80UW8,Polr2e,Ints5,Q8CHT3,0.978979,PHYSICAL_INTERACTION,210,1018
890,Q80UW8,Polr2e,Polr1d,P97304,0.978979,PHYSICAL_INTERACTION,210,133
902,Q8CCF0,Prpf31,Lsm6,P62313,0.978979,PHYSICAL_INTERACTION,499,80
903,Q9DCU6,Mrpl4,Mrpl46,Q9EQI8,0.978979,PHYSICAL_INTERACTION,294,283
904,Q61881,Mcm7,Gins3,Q9CY94,0.978979,PHYSICAL_INTERACTION,719,216
910,Q9CQ40,Mrpl49,Mrpl33,Q9CQP0,0.978979,PHYSICAL_INTERACTION,166,65
916,Q9DCU6,Mrpl4,Mrpl11,Q9CQF0,0.978979,PHYSICAL_INTERACTION,294,192
919,Q99LD9,Eif2b2,Eif2b1,Q99LC8,0.978979,PHYSICAL_INTERACTION,351,305
927,Q80UW8,Polr2e,Polr3e,Q9CZT4,0.978979,PHYSICAL_INTERACTION,210,710
928,Q9CQ40,Mrpl49,Mrpl13,Q9D1P0,0.978979,PHYSICAL_INTERACTION,166,178
931,Q99LD9,Eif2b2,Eif2b4,Q61749,0.978979,PHYSICAL_INTERACTION,351,524
933,Q99LD9,Eif2b2,Eif2b5,Q8CHW4,0.978979,PHYSICAL_INTERACTION,351,717
936,Q9CQ40,Mrpl49,Mrpl23,O35972,0.978979,PHYSICAL_INTERACTION,166,146
938,Q91YR7,Prpf6,Sf3a3,Q9D554,0.978979,PHYSICAL_INTERACTION,941,501
940,Q9CQ40,Mrpl49,Mrpl15,Q9CPR5,0.978979,PHYSICAL_INTERACTION,166,295
941,Q9DCU6,Mrpl4,Mrpl33,Q9CQP0,0.978979,PHYSICAL_INTERACTION,294,65
949,Q9DCU6,Mrpl4,Mrpl15,Q9CPR5,0.978979,PHYSICAL_INTERACTION,294,295
950,Q9DCU6,Mrpl4,Mrpl34,Q99N91,0.978979,PHYSICAL_INTERACTION,294,92
955,Q8CCF0,Prpf31,Lsm8,Q6ZWM4,0.978979,PHYSICAL_INTERACTION,499,96
958,Q8CCF0,Prpf31,Sart1,Q9Z315,0.978979,PHYSICAL_INTERACTION,499,806
959,O35130,Emg1,Utp6,Q8VCY6,0.978979,PHYSICAL_INTERACTION,244,597
962,Q8K363,Ddx18,Nifk,Q91VE6,0.978979,PHYSICAL_INTERACTION,660,317
969,Q9DCU6,Mrpl4,Mrps14,Q9CR88,0.978979,PHYSICAL_INTERACTION,294,128
972,Q8CHW4,Eif2b5,Eif2b4,Q61749,0.978979,PHYSICAL_INTERACTION,717,524
974,Q922U1,Prpf3,Snu13,Q9D0T1,0.978979,PHYSICAL_INTERACTION,683,128
976,Q9JJ66,Cdc20,Anapc5,Q8BTZ4,0.978979,PHYSICAL_INTERACTION,499,740
983,O35130,Emg1,Nop14,Q8R3N1,0.978979,PHYSICAL_INTERACTION,244,860
987,Q9DCU6,Mrpl4,Mrps12,O35680,0.978979,PHYSICAL_INTERACTION,294,139
988,O35130,Emg1,Aatf,Q9JKX4,0.978979,PHYSICAL_INTERACTION,244,526
992,O35130,Emg1,Noc4l,Q8BHY2,0.978979,PHYSICAL_INTERACTION,244,516
997,O09061,Psmb1,Psmd1,Q3TXS7,0.978979,PHYSICAL_INTERACTION,240,953
998,O35130,Emg1,Krr1,Q8BGA5,0.978979,PHYSICAL_INTERACTION,244,380
1000,Q9DCU6,Mrpl4,Mrpl41,Q9CQN7,0.978979,PHYSICAL_INTERACTION,294,135
1004,Q9DCU6,Mrpl4,Mrpl19,Q9D338,0.978979,PHYSICAL_INTERACTION,294,292
1005,Q9DCU6,Mrpl4,Mrpl44,Q9CY73,0.978979,PHYSICAL_INTERACTION,294,333
1006,Q8CHW4,Eif2b5,Eif2b1,Q99LC8,0.978979,PHYSICAL_INTERACTION,717,305
1007,Q9DCU6,Mrpl4,Mrpl20,Q9CQL4,0.978979,PHYSICAL_INTERACTION,294,149
1009,Q9DCU6,Mrpl4,Mrpl13,Q9D1P0,0.978979,PHYSICAL_INTERACTION,294,178
1016,Q91YR7,Prpf6,Lsm8,Q6ZWM4,0.978979,PHYSICAL_INTERACTION,941,96
1020,Q9DCU6,Mrpl4,Mrpl36,Q99N90,0.978979,PHYSICAL_INTERACTION,294,102
1024,Q9DCU6,Mrpl4,Mrps11,Q9DCA2,0.978979,PHYSICAL_INTERACTION,294,191
1028,Q9DCU6,Mrpl4,Mrps35,Q8BJZ4,0.978979,PHYSICAL_INTERACTION,294,320
1029,Q9DCU6,Mrpl4,Mrpl40,Q9Z2Q5,0.978979,PHYSICAL_INTERACTION,294,206
1033,Q9DCU6,Mrpl4,Mrpl16,Q99N93,0.978979,PHYSICAL_INTERACTION,294,251
1034,Q9DCU6,Mrpl4,Mrpl30,Q9D7N6,0.978979,PHYSICAL_INTERACTION,294,160
1035,Q9DCU6,Mrpl4,Mrpl9,Q99N94,0.978979,PHYSICAL_INTERACTION,294,265
1036,Q8CCF0,Prpf31,Snu13,Q9D0T1,0.978979,PHYSICAL_INTERACTION,499,128
1040,O88522,Ikbkg,Chuk,Q60680,0.977978,PHYSICAL_INTERACTION,412,745
1044,Q80UW8,Polr2e,Cd3eap,Q76KJ5,0.977978,PHYSICAL_INTERACTION,210,399
1051,Q924H2,Med15,Med29,Q9DB91,0.976977,PHYSICAL_INTERACTION,789,199
1053,P84099,Rpl19,Rpl22,P67984,0.976977,PHYSICAL_INTERACTION,196,128
1056,Q9DB91,Med29,Med16,Q6PGF3,0.976977,PHYSICAL_INTERACTION,199,828
1061,Q9CQW1,Ykt6,Scfd1,Q8BRF7,0.975976,PHYSICAL_INTERACTION,198,639
1065,Q9JME7,Trappc2l,Trappc1,Q5NCF2,0.975976,PHYSICAL_INTERACTION,139,145
1066,Q9DB91,Med29,Med30,Q9CQI9,0.975976,PHYSICAL_INTERACTION,199,178
1069,Q8K363,Ddx18,Krr1,Q8BGA5,0.975976,PHYSICAL_INTERACTION,660,380
1070,P99026,Psmb4,Psmc2,P46471,0.974975,PHYSICAL_INTERACTION,264,433
1074,P16254,Srp14,Srp68,Q8BMA6,0.974975,PHYSICAL_INTERACTION,110,625
1075,P12787,Cox5a,Uqcrc2,Q9DB77,0.974975,PHYSICAL_INTERACTION,146,453
1078,P99026,Psmb4,Psmd1,Q3TXS7,0.974975,PHYSICAL_INTERACTION,264,953
1079,Q924H2,Med15,Med17,Q8VCD5,0.974975,PHYSICAL_INTERACTION,789,649
1080,P84099,Rpl19,Nsa2,Q9CR47,0.974975,PHYSICAL_INTERACTION,196,260
1082,O09061,Psmb1,Psmb6,Q60692,0.974975,PHYSICAL_INTERACTION,240,238
1086,Q9DB91,Med29,Med27,Q9DB40,0.973974,PHYSICAL_INTERACTION,199,311
1087,Q61881,Mcm7,Tipin,Q91WA1,0.973974,PHYSICAL_INTERACTION,719,278
1088,Q80UW8,Polr2e,Med17,Q8VCD5,0.973974,PHYSICAL_INTERACTION,210,649
1093,O35130,Emg1,Utp4,Q8R2N2,0.973974,PHYSICAL_INTERACTION,244,686
1094,Q3TBW2,Mrpl10,Mrpl11,Q9CQF0,0.973974,PHYSICAL_INTERACTION,262,192
1100,O35130,Emg1,Wdr43,Q6ZQL4,0.972973,PHYSICAL_INTERACTION,244,677
1104,Q9DCT2,Ndufs3,Ndufb6,Q3UIU2,0.971972,PHYSICAL_INTERACTION,263,128
1105,Q8CCF0,Prpf31,Snrpg,P62309,0.971972,PHYSICAL_INTERACTION,499,76
1107,Q9DCT2,Ndufs3,Ndufb5,Q9CQH3,0.971972,PHYSICAL_INTERACTION,263,189
1108,Q9DCT2,Ndufs3,Ndufa3,Q9CQ91,0.970971,PHYSICAL_INTERACTION,263,84
1110,Q8K363,Ddx18,Pes1,Q9EQ61,0.970971,PHYSICAL_INTERACTION,660,584
1113,P84099,Rpl19,Rps14,P62264,0.970971,PHYSICAL_INTERACTION,196,151
1114,Q9D773,Mrpl2,Mrpl33,Q9CQP0,0.970971,PHYSICAL_INTERACTION,306,65
1120,Q9D773,Mrpl2,Mrps7,Q80X85,0.96997,PHYSICAL_INTERACTION,306,242
1121,Q3TLI0,Trappc10,Trappc2l,Q9JME7,0.96997,PHYSICAL_INTERACTION,1258,139
1122,P29595,Nedd8,Cul1,Q9WTX6,0.96997,PHYSICAL_INTERACTION,81,776
1138,O09061,Psmb1,Psmb9,P28076,0.967968,PHYSICAL_INTERACTION,240,219
1147,P30280,Ccnd2,Cdk4,P30285,0.966967,PHYSICAL_INTERACTION,289,303
1152,Q3UFM5,Nom1,Ngdn,Q9DB96,0.966967,PHYSICAL_INTERACTION,854,315
1153,Q9JMG1,Edf1,Rps3,P62908,0.966967,PHYSICAL_INTERACTION,148,243
1156,O09061,Psmb1,Psmd7,P26516,0.966967,PHYSICAL_INTERACTION,240,321
1157,P35456,Plaur,Plau,P06869,0.966967,PHYSICAL_INTERACTION,327,433
1160,Q80UW8,Polr2e,Med6,Q921D4,0.965966,PHYSICAL_INTERACTION,210,246
1162,Q80UW8,Polr2e,Gtf2e1,Q9D0D5,0.965966,PHYSICAL_INTERACTION,210,440
1168,Q9DCU6,Mrpl4,Mrps7,Q80X85,0.965966,PHYSICAL_INTERACTION,294,242
1170,Q9DCU6,Mrpl4,Mrps10,Q80ZK0,0.965966,PHYSICAL_INTERACTION,294,160
1172,Q9CQ40,Mrpl49,Mrps10,Q80ZK0,0.965966,PHYSICAL_INTERACTION,166,160
1175,Q924H2,Med15,Med27,Q9DB40,0.965966,PHYSICAL_INTERACTION,789,311
1176,Q9CQ40,Mrpl49,Mrps35,Q8BJZ4,0.965966,PHYSICAL_INTERACTION,166,320
1177,Q9CQ40,Mrpl49,Mrps11,Q9DCA2,0.965966,PHYSICAL_INTERACTION,166,191
1178,Q9CQ40,Mrpl49,Mrps14,Q9CR88,0.965966,PHYSICAL_INTERACTION,166,128
1181,Q9CQ40,Mrpl49,Mrps7,Q80X85,0.965966,PHYSICAL_INTERACTION,166,242
1184,Q9CQ40,Mrpl49,Mrpl16,Q99N93,0.965966,PHYSICAL_INTERACTION,166,251
1190,Q9CQ75,Ndufa2,mt-Nd4l,P03903,0.965966,PHYSICAL_INTERACTION,99,98
1191,Q8BPB0,Mob1b,Lats1,Q8BYR2,0.965966,PHYSICAL_INTERACTION,216,1129
1193,Q9D773,Mrpl2,Mrpl49,Q9CQ40,0.964965,PHYSICAL_INTERACTION,306,166
1194,Q80UW8,Polr2e,Med10,Q9CXU0,0.964965,PHYSICAL_INTERACTION,210,135
1196,Q9DB91,Med29,Med6,Q921D4,0.964965,PHYSICAL_INTERACTION,199,246
1199,O88522,Ikbkg,Rnf31,Q924T7,0.964965,PHYSICAL_INTERACTION,412,1066
1200,P84091,Ap2m1,Tgoln1,Q62313,0.964965,PHYSICAL_INTERACTION,435,353
1202,Q9D773,Mrpl2,Mrpl46,Q9EQI8,0.964965,PHYSICAL_INTERACTION,306,283
1203,P12787,Cox5a,Uqcr10,Q8R1I1,0.964965,PHYSICAL_INTERACTION,146,64
1206,O88522,Ikbkg,Traf6,P70196,0.964965,PHYSICAL_INTERACTION,412,530
1210,Q924H5,Rad51c,Xrcc3,Q9CXE6,0.964965,PHYSICAL_INTERACTION,366,349
1212,O35130,Emg1,Rps23,P62267,0.963964,PHYSICAL_INTERACTION,244,143
1215,Q8K4Z5,Sf3a1,Snrpg,P62309,0.963964,PHYSICAL_INTERACTION,791,76
1229,Q9CQ40,Mrpl49,Mrpl40,Q9Z2Q5,0.962963,PHYSICAL_INTERACTION,166,206
1231,Q9CQ40,Mrpl49,Mrpl34,Q99N91,0.962963,PHYSICAL_INTERACTION,166,92
1238,Q9DB91,Med29,Med10,Q9CXU0,0.962963,PHYSICAL_INTERACTION,199,135
1242,Q9CQ40,Mrpl49,Mrps12,O35680,0.962963,PHYSICAL_INTERACTION,166,139
1244,Q3TBW2,Mrpl10,Mrpl41,Q9CQN7,0.961962,PHYSICAL_INTERACTION,262,135
1261,Q9DB91,Med29,Med19,Q8C1S0,0.960961,PHYSICAL_INTERACTION,199,244
1270,O70422,Gtf2h4,Gtf2b,P62915,0.95996,PHYSICAL_INTERACTION,463,316
1271,P80318,Cct3,Cct5,P80316,0.95996,PHYSICAL_INTERACTION,545,541
1275,P84099,Rpl19,Rps4x,P62702,0.95996,PHYSICAL_INTERACTION,196,263
1280,P99026,Psmb4,Psmc4,P54775,0.958959,PHYSICAL_INTERACTION,264,418
1281,Q9D773,Mrpl2,Mrpl34,Q99N91,0.958959,PHYSICAL_INTERACTION,306,92
1282,Q9D773,Mrpl2,Mrpl15,Q9CPR5,0.958959,PHYSICAL_INTERACTION,306,295
1283,P27512,Cd40,Traf3,Q60803,0.958959,PHYSICAL_INTERACTION,289,567
1286,Q8K363,Ddx18,Esf1,Q3V1V3,0.957958,PHYSICAL_INTERACTION,660,845
1292,Q924H2,Med15,Med10,Q9CXU0,0.957958,PHYSICAL_INTERACTION,789,135
1304,Q3TBW2,Mrpl10,Mrpl13,Q9D1P0,0.956957,PHYSICAL_INTERACTION,262,178
1305,O88522,Ikbkg,Tnf,P06804,0.956957,PHYSICAL_INTERACTION,412,235
1318,O88522,Ikbkg,Ripk1,Q60855,0.956957,PHYSICAL_INTERACTION,412,656
1328,Q9DB91,Med29,Med20,Q9R0X0,0.956957,PHYSICAL_INTERACTION,199,212
1331,P30280,Ccnd2,Cdk6,Q64261,0.956957,PHYSICAL_INTERACTION,289,326
1334,Q9EP73,Cd274,Pdcd1,Q02242,0.955956,PHYSICAL_INTERACTION,290,288
1339,P84099,Rpl19,Rpl7a,P12970,0.955956,PHYSICAL_INTERACTION,196,266
1340,P84099,Rpl19,Rpl10a,P53026,0.955956,PHYSICAL_INTERACTION,196,217
1342,P84099,Rpl19,Rpl29,P47915,0.955956,PHYSICAL_INTERACTION,196,160
1343,Q9D8B4,Ndufa11,Ndufb11,O09111,0.955956,PHYSICAL_INTERACTION,141,151
1347,Q9DCT2,Ndufs3,Ndufb11,O09111,0.955956,PHYSICAL_INTERACTION,263,151
1348,Q9CQ75,Ndufa2,Ndufb11,O09111,0.955956,PHYSICAL_INTERACTION,99,151
1353,P84099,Rpl19,Rpl36,P47964,0.955956,PHYSICAL_INTERACTION,196,105
1354,O09061,Psmb1,Psmd6,Q99JI4,0.955956,PHYSICAL_INTERACTION,240,389
1356,Q99ML1,Bbc3,Mcl1,P97287,0.954955,PHYSICAL_INTERACTION,193,331
1357,O09061,Psmb1,Psmc2,P46471,0.954955,PHYSICAL_INTERACTION,240,433
1365,P99026,Psmb4,Psmc3,O88685,0.953954,PHYSICAL_INTERACTION,264,442
1366,Q62296,Tead4,Wwtr1,Q9EPK5,0.953954,PHYSICAL_INTERACTION,427,395
1368,O70422,Gtf2h4,Polr2g,P62488,0.952953,PHYSICAL_INTERACTION,463,172
1372,Q3TLI0,Trappc10,Trappc1,Q5NCF2,0.952953,PHYSICAL_INTERACTION,1258,145
1381,P12787,Cox5a,Uqcrc1,Q9CZ13,0.952953,PHYSICAL_INTERACTION,146,480
1392,Q9DB91,Med29,Med17,Q8VCD5,0.951952,PHYSICAL_INTERACTION,199,649
1393,Q9D8B4,Ndufa11,mt-Nd6,P03925,0.951952,PHYSICAL_INTERACTION,141,172
1394,Q9D8B4,Ndufa11,Ndufa8,Q9DCJ5,0.951952,PHYSICAL_INTERACTION,141,172
1399,O09061,Psmb1,Psmc3,O88685,0.951952,PHYSICAL_INTERACTION,240,442
1401,Q99K74,Med24,Med19,Q8C1S0,0.951952,PHYSICAL_INTERACTION,987,244
1402,Q80UW8,Polr2e,Gtf2e2,Q9D902,0.951952,PHYSICAL_INTERACTION,210,292
1403,Q99K74,Med24,Med10,Q9CXU0,0.951952,PHYSICAL_INTERACTION,987,135
1406,Q924H2,Med15,Med19,Q8C1S0,0.950951,PHYSICAL_INTERACTION,789,244
1408,Q8VCB2,Med25,Med19,Q8C1S0,0.950951,PHYSICAL_INTERACTION,745,244
1410,Q9DB91,Med29,Med24,Q99K74,0.950951,PHYSICAL_INTERACTION,199,987
1412,Q8VCB2,Med25,Med10,Q9CXU0,0.950951,PHYSICAL_INTERACTION,745,135
1417,Q9DB91,Med29,Med7,Q9CZB6,0.950951,PHYSICAL_INTERACTION,199,233
1418,Q9D773,Mrpl2,Mrps12,O35680,0.950951,PHYSICAL_INTERACTION,306,139
1420,Q924H2,Med15,Med7,Q9CZB6,0.950951,PHYSICAL_INTERACTION,789,233
1423,Q00422,Gabpa,Gabpb1,Q00420,0.94995,PHYSICAL_INTERACTION,454,383
1424,Q80UW8,Polr2e,Med18,Q9CZ82,0.94995,PHYSICAL_INTERACTION,210,208
1429,O70422,Gtf2h4,Ccnh,Q61458,0.94995,PHYSICAL_INTERACTION,463,323
1449,Q9JJ66,Cdc20,Fbxo5,Q7TSG3,0.948949,PHYSICAL_INTERACTION,499,421
1452,Q9DCT2,Ndufs3,Cyc1,Q9D0M3,0.948949,PHYSICAL_INTERACTION,263,325
1453,Q922U1,Prpf3,Snrpg,P62309,0.948949,PHYSICAL_INTERACTION,683,76
1456,O88522,Ikbkg,Tnfrsf1a,P25118,0.948949,PHYSICAL_INTERACTION,412,454
1460,Q9D8B4,Ndufa11,mt-Nd4l,P03903,0.948949,PHYSICAL_INTERACTION,141,98
1464,O88522,Ikbkg,Rbck1,Q9WUB0,0.948949,PHYSICAL_INTERACTION,412,508
1479,Q924H2,Med15,Med20,Q9R0X0,0.946947,PHYSICAL_INTERACTION,789,212
1490,P80318,Cct3,Cct7,P80313,0.945946,PHYSICAL_INTERACTION,545,544
1492,Q9CQ40,Mrpl49,Mrpl11,Q9CQF0,0.945946,PHYSICAL_INTERACTION,166,192
1498,Q9JME7,Trappc2l,Trappc4,Q9ES56,0.944945,PHYSICAL_INTERACTION,139,219
1499,Q9D773,Mrpl2,Mrpl36,Q99N90,0.944945,PHYSICAL_INTERACTION,306,102
1508,Q8JZN5,Acad9,Ndufs5,Q99LY9,0.942943,PHYSICAL_INTERACTION,625,106
1509,Q8JZN5,Acad9,Ndufaf3,Q9JKL4,0.942943,PHYSICAL_INTERACTION,625,185
1514,Q8VCX6,Kptn,Mios,Q8VE19,0.942943,PHYSICAL_INTERACTION,430,875
1518,Q9JJ66,Cdc20,Mad1l1,Q9WTX8,0.942943,PHYSICAL_INTERACTION,499,717
1526,Q8VCX6,Kptn,Wdr59,Q8C0M0,0.942943,PHYSICAL_INTERACTION,430,992
1529,Q9CQ71,Rpa3,Tipin,Q91WA1,0.942943,PHYSICAL_INTERACTION,121,278
1532,Q9JJ66,Cdc20,Cct3,P80318,0.942943,PHYSICAL_INTERACTION,499,545
1533,Q99NB8,Ubqln4,Psmd4,O35226,0.942943,PHYSICAL_INTERACTION,596,376
1535,P84099,Rpl19,Rps27,Q6ZWU9,0.942943,PHYSICAL_INTERACTION,196,84
1539,O88522,Ikbkg,Irak4,Q8R4K2,0.942943,PHYSICAL_INTERACTION,412,459
1541,O88522,Ikbkg,Tab2,Q99K90,0.942943,PHYSICAL_INTERACTION,412,693
1542,Q9DB91,Med29,Stn1,Q8K2X3,0.942943,PHYSICAL_INTERACTION,199,378
1543,Q8BUY5,Timmdc1,Ndufa13,Q9ERS2,0.942943,PHYSICAL_INTERACTION,285,144
1546,Q91WI7,Itfg2,Wdr59,Q8C0M0,0.942943,PHYSICAL_INTERACTION,443,992
1547,Q9JJ66,Cdc20,Cct7,P80313,0.942943,PHYSICAL_INTERACTION,499,544
1551,P70196,Traf6,Ikbke,Q9R0T8,0.942943,PHYSICAL_INTERACTION,530,717
1556,Q8BUY5,Timmdc1,Ndufaf1,Q9CWX2,0.942943,PHYSICAL_INTERACTION,285,328
1557,Q9JJ66,Cdc20,Cct4,P80315,0.942943,PHYSICAL_INTERACTION,499,539
1560,Q8BUY5,Timmdc1,Ndufaf3,Q9JKL4,0.942943,PHYSICAL_INTERACTION,285,185
1561,Q99NB8,Ubqln4,Psma8,Q9CWH6,0.942943,PHYSICAL_INTERACTION,596,250
1563,Q8BUY5,Timmdc1,Ndufs7,Q9DC70,0.942943,PHYSICAL_INTERACTION,285,224
1568,Q8CH02,Sugp1,Rbm10,P0DW27,0.942943,PHYSICAL_INTERACTION,643,130
1573,Q8BUY5,Timmdc1,Ndufb6,Q3UIU2,0.942943,PHYSICAL_INTERACTION,285,128
1577,Q91YR7,Prpf6,Smndc1,Q8BGT7,0.942943,PHYSICAL_INTERACTION,941,238
1578,Q8BUY5,Timmdc1,Ndufs5,Q99LY9,0.942943,PHYSICAL_INTERACTION,285,106
1579,Q9JJ66,Cdc20,Ube2s,Q921J4,0.942943,PHYSICAL_INTERACTION,499,223
1580,Q9D773,Mrpl2,Mrps14,Q9CR88,0.942943,PHYSICAL_INTERACTION,306,128
1581,Q61881,Mcm7,Orc6,Q9WUJ8,0.942943,PHYSICAL_INTERACTION,719,262
1582,Q99NB8,Ubqln4,Psmc3,O88685,0.942943,PHYSICAL_INTERACTION,596,442
1585,Q8VCX6,Kptn,Seh1l,Q8R2U0,0.942943,PHYSICAL_INTERACTION,430,360
1589,Q9DCT2,Ndufs3,Ndufaf3,Q9JKL4,0.942943,PHYSICAL_INTERACTION,263,185
1597,Q99NB8,Ubqln4,Psma6,Q9QUM9,0.942943,PHYSICAL_INTERACTION,596,246
1598,Q9JJ66,Cdc20,Cct2,P80314,0.942943,PHYSICAL_INTERACTION,499,535
1604,Q8BUY5,Timmdc1,Yme1l1,O88967,0.942943,PHYSICAL_INTERACTION,285,715
1606,Q9CQ71,Rpa3,Rmi1,Q9D4G9,0.942943,PHYSICAL_INTERACTION,121,616
1608,Q8VCB2,Med25,Stn1,Q8K2X3,0.942943,PHYSICAL_INTERACTION,745,378
1610,Q3UFM5,Nom1,Rrp9,Q91WM3,0.942943,PHYSICAL_INTERACTION,854,475
1614,Q9JJ66,Cdc20,Bub3,Q9WVA3,0.942943,PHYSICAL_INTERACTION,499,326
1616,Q99NB8,Ubqln4,Psmd6,Q99JI4,0.942943,PHYSICAL_INTERACTION,596,389
1620,Q8K363,Ddx18,Utp3,Q9JI13,0.942943,PHYSICAL_INTERACTION,660,469
1622,Q9CQ71,Rpa3,Rad52,P43352,0.942943,PHYSICAL_INTERACTION,121,420
1625,Q8BUY5,Timmdc1,Uqcr10,Q8R1I1,0.942943,PHYSICAL_INTERACTION,285,64
1627,Q8BUY5,Timmdc1,Ndufb9,Q9CQJ8,0.942943,PHYSICAL_INTERACTION,285,179
1628,Q8BUY5,Timmdc1,Acad9,Q8JZN5,0.942943,PHYSICAL_INTERACTION,285,625
1634,Q8BUY5,Timmdc1,Ndufb5,Q9CQH3,0.942943,PHYSICAL_INTERACTION,285,189
1637,Q8JZN5,Acad9,Ndufs7,Q9DC70,0.942943,PHYSICAL_INTERACTION,625,224
1642,Q9CQ71,Rpa3,Primpol,Q6P1E7,0.942943,PHYSICAL_INTERACTION,121,537
1651,Q9CQW1,Ykt6,Vps39,Q8R5L3,0.942943,PHYSICAL_INTERACTION,198,886
1654,Q9CQ71,Rpa3,Top3a,O70157,0.942943,PHYSICAL_INTERACTION,121,1003
1656,Q3UFM5,Nom1,Krr1,Q8BGA5,0.942943,PHYSICAL_INTERACTION,854,380
1658,Q3UFM5,Nom1,Rrp36,Q3UFY0,0.942943,PHYSICAL_INTERACTION,854,244
1662,Q3UFM5,Nom1,Noc4l,Q8BHY2,0.942943,PHYSICAL_INTERACTION,854,516
1663,Q9CQ71,Rpa3,Clspn,Q80YR7,0.942943,PHYSICAL_INTERACTION,121,1315
1665,Q3UFM5,Nom1,Utp3,Q9JI13,0.942943,PHYSICAL_INTERACTION,854,469
1669,Q8BUY5,Timmdc1,Ndufv3,Q8BK30,0.942943,PHYSICAL_INTERACTION,285,104
1670,Q99NB8,Ubqln4,Psma1,Q9R1P4,0.942943,PHYSICAL_INTERACTION,596,263
1671,Q3UFM5,Nom1,Utp6,Q8VCY6,0.942943,PHYSICAL_INTERACTION,854,597
1673,Q9CQW1,Ykt6,Stx7,O70439,0.942943,PHYSICAL_INTERACTION,198,261
1677,Q9JJ66,Cdc20,Cct5,P80316,0.942943,PHYSICAL_INTERACTION,499,541
1685,Q99NB8,Ubqln4,Desi1,Q9CQT7,0.942943,PHYSICAL_INTERACTION,596,168
1691,Q99NB8,Ubqln4,Psma3,O70435,0.942943,PHYSICAL_INTERACTION,596,255
1693,O88522,Ikbkg,Tab1,Q8CF89,0.942943,PHYSICAL_INTERACTION,412,502
1694,Q99NB8,Ubqln4,Psmc2,P46471,0.942943,PHYSICAL_INTERACTION,596,433
1696,Q3TBW2,Mrpl10,Mrpl4,Q9DCU6,0.942943,PHYSICAL_INTERACTION,262,294
1698,Q9JKC0,Ccl24,Ccl5,P30882,0.942943,PHYSICAL_INTERACTION,119,91
1702,P80318,Cct3,Stk24,Q99KH8,0.942943,PHYSICAL_INTERACTION,545,431
1703,Q8BUY5,Timmdc1,Ndufa8,Q9DCJ5,0.942943,PHYSICAL_INTERACTION,285,172
1705,Q99NB8,Ubqln4,Psmd14,O35593,0.942943,PHYSICAL_INTERACTION,596,310
1706,Q8VCX6,Kptn,Itfg2,Q91WI7,0.942943,PHYSICAL_INTERACTION,430,443
1707,Q8JZN5,Acad9,Ndufaf1,Q9CWX2,0.942943,PHYSICAL_INTERACTION,625,328
1718,P30285,Cdk4,Ccna2,P51943,0.942943,PHYSICAL_INTERACTION,303,422
1721,Q8BUY5,Timmdc1,Cox7a2l,Q61387,0.942943,PHYSICAL_INTERACTION,285,111
1723,Q3TCH7,Cul4a,Rbx1,P62878,0.942943,PHYSICAL_INTERACTION,759,108
1724,Q8K363,Ddx18,Imp4,Q8VHZ7,0.942943,PHYSICAL_INTERACTION,660,291
1725,O09061,Psmb1,Desi1,Q9CQT7,0.942943,PHYSICAL_INTERACTION,240,168
1727,Q8CH02,Sugp1,U2af2,P26369,0.942943,PHYSICAL_INTERACTION,643,475
1728,Q8CH02,Sugp1,Rbm17,Q8JZX4,0.942943,PHYSICAL_INTERACTION,643,405
1731,Q8JZN5,Acad9,Ndufa13,Q9ERS2,0.942943,PHYSICAL_INTERACTION,625,144
1738,Q99K74,Med24,Stn1,Q8K2X3,0.942943,PHYSICAL_INTERACTION,987,378
1739,Q3TBW2,Mrpl10,Mrpl46,Q9EQI8,0.942943,PHYSICAL_INTERACTION,262,283
1742,Q9DCT2,Ndufs3,Ndufaf1,Q9CWX2,0.942943,PHYSICAL_INTERACTION,263,328
1745,O09061,Psmb1,Ubqln4,Q99NB8,0.942943,PHYSICAL_INTERACTION,240,596
1749,Q9DCT2,Ndufs3,Acad9,Q8JZN5,0.942943,PHYSICAL_INTERACTION,263,625
1751,P80318,Cct3,Traf3ip3,Q8C0G2,0.942943,PHYSICAL_INTERACTION,545,513
1753,Q8JZN5,Acad9,mt-Nd6,P03925,0.942943,PHYSICAL_INTERACTION,625,172
1768,Q3UFM5,Nom1,Utp18,Q5SSI6,0.942943,PHYSICAL_INTERACTION,854,552
1772,P37238,Pparg,Ppargc1a,O70343,0.941942,PHYSICAL_INTERACTION,505,797
1781,Q3TBW2,Mrpl10,Mrpl40,Q9Z2Q5,0.941942,PHYSICAL_INTERACTION,262,206
1782,Q8K363,Ddx18,Wdr74,Q8VCG3,0.941942,PHYSICAL_INTERACTION,660,384
1800,Q8K363,Ddx18,Noc2l,Q9WV70,0.940941,PHYSICAL_INTERACTION,660,747
1803,O35130,Emg1,Utp18,Q5SSI6,0.940941,PHYSICAL_INTERACTION,244,552
1804,Q3TBW2,Mrpl10,Mrpl19,Q9D338,0.940941,PHYSICAL_INTERACTION,262,292
1805,Q8K363,Ddx18,Nsa2,Q9CR47,0.940941,PHYSICAL_INTERACTION,660,260
1807,P56382,Atp5e,Atp5md,Q78IK2,0.940941,PHYSICAL_INTERACTION,52,58
1816,Q3TBW2,Mrpl10,Mrpl34,Q99N91,0.938939,PHYSICAL_INTERACTION,262,92
1818,Q80UW8,Polr2e,Tcea1,P10711,0.938939,PHYSICAL_INTERACTION,210,301
1822,Q3TBW2,Mrpl10,Mrpl49,Q9CQ40,0.938939,PHYSICAL_INTERACTION,262,166
1823,Q9DCU6,Mrpl4,Mrps25,Q9D125,0.938939,PHYSICAL_INTERACTION,294,171
1825,P05132,Prkaca,Prkar2a,P12367,0.937938,PHYSICAL_INTERACTION,351,401
1828,Q61666,Hira,Asf1a,Q9CQE6,0.937938,PHYSICAL_INTERACTION,1015,204
1829,Q8CCF0,Prpf31,Snrpa1,P57784,0.936937,PHYSICAL_INTERACTION,499,255
1837,Q8K363,Ddx18,Rpf1,Q7TND5,0.935936,PHYSICAL_INTERACTION,660,349
1841,Q80UW8,Polr2e,Gtf2a2,Q80ZM7,0.935936,PHYSICAL_INTERACTION,210,109
1843,Q80UW8,Polr2e,Ercc2,O08811,0.935936,PHYSICAL_INTERACTION,210,760
1844,Q99K74,Med24,Med6,Q921D4,0.934935,PHYSICAL_INTERACTION,987,246
1845,Q99K74,Med24,Med20,Q9R0X0,0.934935,PHYSICAL_INTERACTION,987,212
1846,Q99K74,Med24,Med27,Q9DB40,0.934935,PHYSICAL_INTERACTION,987,311
1850,Q99K74,Med24,Med9,Q8VCS6,0.934935,PHYSICAL_INTERACTION,987,142
1859,Q3TLI0,Trappc10,Trappc5,Q9CQA1,0.933934,PHYSICAL_INTERACTION,1258,188
1868,Q9CQ75,Ndufa2,Uqcrh,P99028,0.933934,PHYSICAL_INTERACTION,99,89
1876,Q99K74,Med24,Med7,Q9CZB6,0.931932,PHYSICAL_INTERACTION,987,233
1878,Q3TBW2,Mrpl10,Mrpl44,Q9CY73,0.931932,PHYSICAL_INTERACTION,262,333
1879,Q3TBW2,Mrpl10,Mrpl33,Q9CQP0,0.931932,PHYSICAL_INTERACTION,262,65
1881,P56382,Atp5e,Atp5g3,P56384,0.931932,PHYSICAL_INTERACTION,52,141
1890,Q9DB91,Med29,Med9,Q8VCS6,0.930931,PHYSICAL_INTERACTION,199,142
1896,Q9CQ75,Ndufa2,Ndufb6,Q3UIU2,0.92993,PHYSICAL_INTERACTION,99,128
1899,Q924H2,Med15,Med6,Q921D4,0.92993,PHYSICAL_INTERACTION,789,246
1905,P56382,Atp5e,Atp5g2,P56383,0.92993,PHYSICAL_INTERACTION,52,146
1906,Q8CCF0,Prpf31,Phf5a,P83870,0.92993,PHYSICAL_INTERACTION,499,110
1917,Q3TBW2,Mrpl10,Mrpl30,Q9D7N6,0.927928,PHYSICAL_INTERACTION,262,160
1920,O70422,Gtf2h4,Med17,Q8VCD5,0.927928,PHYSICAL_INTERACTION,463,649
1922,P84099,Rpl19,Rpl36a,P83882,0.927928,PHYSICAL_INTERACTION,196,106
1928,P05132,Prkaca,Pln,P61014,0.926927,PHYSICAL_INTERACTION,351,52
1931,Q9DCT2,Ndufs3,Ndufa10,Q99LC3,0.926927,PHYSICAL_INTERACTION,263,355
1941,O35627,Nr1i3,Rxra,P28700,0.925926,PHYSICAL_INTERACTION,358,467
1952,O70422,Gtf2h4,Gtf2a2,Q80ZM7,0.924925,PHYSICAL_INTERACTION,463,109
1953,Q80UW8,Polr2e,Mnat1,P51949,0.924925,PHYSICAL_INTERACTION,210,309
1955,O70422,Gtf2h4,Polr2e,Q80UW8,0.924925,PHYSICAL_INTERACTION,463,210
1958,O70422,Gtf2h4,Med10,Q9CXU0,0.924925,PHYSICAL_INTERACTION,463,135
1960,Q80UW8,Polr2e,Gtf2h3,Q8VD76,0.924925,PHYSICAL_INTERACTION,210,309
1962,O70422,Gtf2h4,Polr2i,P60898,0.924925,PHYSICAL_INTERACTION,463,125
1963,O70422,Gtf2h4,Med7,Q9CZB6,0.924925,PHYSICAL_INTERACTION,463,233
1965,Q80UW8,Polr2e,Gtf2h1,Q9DBA9,0.924925,PHYSICAL_INTERACTION,210,547
1967,O70422,Gtf2h4,Polr2d,Q9D7M8,0.924925,PHYSICAL_INTERACTION,463,142
1968,O70422,Gtf2h4,Polr2h,Q923G2,0.924925,PHYSICAL_INTERACTION,463,150
1970,O70422,Gtf2h4,Med6,Q921D4,0.924925,PHYSICAL_INTERACTION,463,246
1972,O70422,Gtf2h4,Gtf2f2,Q8R0A0,0.924925,PHYSICAL_INTERACTION,463,249
1973,O70422,Gtf2h4,Polr2l,P62876,0.924925,PHYSICAL_INTERACTION,463,67
1975,O70422,Gtf2h4,Polr2k,Q63871,0.924925,PHYSICAL_INTERACTION,463,58
1977,Q99K74,Med24,Med30,Q9CQI9,0.923924,PHYSICAL_INTERACTION,987,178
1978,O88522,Ikbkg,Rps27a,P62983,0.923924,PHYSICAL_INTERACTION,412,156
1979,Q3TBW2,Mrpl10,Mrpl23,O35972,0.923924,PHYSICAL_INTERACTION,262,146
1985,P12787,Cox5a,Uqcr11,Q9CPX8,0.923924,PHYSICAL_INTERACTION,146,56
1986,O70422,Gtf2h4,Polr2j,O08740,0.922923,PHYSICAL_INTERACTION,463,117
1987,Q9DCT2,Ndufs3,Uqcr10,Q8R1I1,0.922923,PHYSICAL_INTERACTION,263,64
1991,P70196,Traf6,Ubb,P0CG49,0.921922,PHYSICAL_INTERACTION,530,305
1996,P80318,Cct3,Cct2,P80314,0.921922,PHYSICAL_INTERACTION,545,535
2001,P12787,Cox5a,Uqcrh,P99028,0.920921,PHYSICAL_INTERACTION,146,89
2006,Q9CQ75,Ndufa2,Ndufa3,Q9CQ91,0.91992,PHYSICAL_INTERACTION,99,84
2011,P12787,Cox5a,Cox7b,P56393,0.91992,PHYSICAL_INTERACTION,146,80
2012,Q8K4Z5,Sf3a1,Sf3b5,Q923D4,0.91992,PHYSICAL_INTERACTION,791,86
2016,P27870,Vav1,Grb2,Q60631,0.918919,PHYSICAL_INTERACTION,845,217
2018,O35130,Emg1,Rcl1,Q9JJT0,0.918919,PHYSICAL_INTERACTION,244,373
2022,Q923K4,Gtpbp3,Mrpl11,Q9CQF0,0.917918,PHYSICAL_INTERACTION,492,192
2025,Q9DB91,Med29,Med25,Q8VCB2,0.917918,PHYSICAL_INTERACTION,199,745
2033,Q8CCF0,Prpf31,Sf3a2,Q62203,0.916917,PHYSICAL_INTERACTION,499,475
2036,Q8K363,Ddx18,Eif6,O55135,0.916917,PHYSICAL_INTERACTION,660,245
2045,O35130,Emg1,Imp4,Q8VHZ7,0.914915,PHYSICAL_INTERACTION,244,291
2048,Q91YR7,Prpf6,Snu13,Q9D0T1,0.914915,PHYSICAL_INTERACTION,941,128
2051,O35130,Emg1,Utp3,Q9JI13,0.914915,PHYSICAL_INTERACTION,244,469
2056,Q8K363,Ddx18,Brix1,Q9DCA5,0.914915,PHYSICAL_INTERACTION,660,353
2069,O35130,Emg1,Snu13,Q9D0T1,0.914915,PHYSICAL_INTERACTION,244,128
2070,O35130,Emg1,Dnttip2,Q8R2M2,0.914915,PHYSICAL_INTERACTION,244,758
2071,O35130,Emg1,Rps8,P62242,0.914915,PHYSICAL_INTERACTION,244,208
2074,O35130,Emg1,Nol10,Q5RJG1,0.914915,PHYSICAL_INTERACTION,244,687
2080,O35130,Emg1,Wdr75,Q3U821,0.914915,PHYSICAL_INTERACTION,244,830
2081,O35130,Emg1,Wdr3,Q8BHB4,0.914915,PHYSICAL_INTERACTION,244,942
2082,O35130,Emg1,Rrp9,Q91WM3,0.914915,PHYSICAL_INTERACTION,244,475
2083,O35130,Emg1,Ngdn,Q9DB96,0.914915,PHYSICAL_INTERACTION,244,315
2084,O35130,Emg1,Nop56,Q9D6Z1,0.914915,PHYSICAL_INTERACTION,244,580
2085,Q04447,Ckb,Asb9,Q91ZT8,0.914915,PHYSICAL_INTERACTION,381,290
2089,Q9DCU6,Mrpl4,Mrpl12,Q9DB15,0.914915,PHYSICAL_INTERACTION,294,201
2092,Q9DCU6,Mrpl4,Mrpl50,Q8VDT9,0.914915,PHYSICAL_INTERACTION,294,159
2095,O35130,Emg1,Rps5,P97461,0.914915,PHYSICAL_INTERACTION,244,204
2097,O35130,Emg1,Wdr46,Q9Z0H1,0.914915,PHYSICAL_INTERACTION,244,622
2100,O35130,Emg1,Tbl3,Q8C4J7,0.914915,PHYSICAL_INTERACTION,244,801
2108,Q99LD9,Eif2b2,Eif2s2,Q99L45,0.913914,PHYSICAL_INTERACTION,351,331
2114,O09061,Psmb1,Usp14,Q9JMA1,0.913914,PHYSICAL_INTERACTION,240,493
2116,O35130,Emg1,Rps3a1,P97351,0.913914,PHYSICAL_INTERACTION,244,264
2121,O35130,Emg1,Rps6,P62754,0.913914,PHYSICAL_INTERACTION,244,249
2122,Q91YR7,Prpf6,Lsm6,P62313,0.913914,PHYSICAL_INTERACTION,941,80
2124,Q8K363,Ddx18,Nip7,Q9CXK8,0.913914,PHYSICAL_INTERACTION,660,180
2127,O35130,Emg1,Rps7,P62082,0.913914,PHYSICAL_INTERACTION,244,194
2130,Q8K4Z5,Sf3a1,Snw1,Q9CSN1,0.913914,PHYSICAL_INTERACTION,791,536
2146,P80318,Cct3,Cct4,P80315,0.912913,PHYSICAL_INTERACTION,545,539
2148,Q9CQI7,Snrpb2,Snrpa1,P57784,0.912913,PHYSICAL_INTERACTION,225,255
2153,Q8K363,Ddx18,Mrto4,Q9D0I8,0.911912,PHYSICAL_INTERACTION,660,239
2161,Q9Z148,Ehmt2,Cbx3,P23198,0.911912,PHYSICAL_INTERACTION,1263,183
2174,O35130,Emg1,Rps24,P62849,0.911912,PHYSICAL_INTERACTION,244,133
2182,Q8VCB2,Med25,Med18,Q9CZ82,0.911912,PHYSICAL_INTERACTION,745,208
2183,O35130,Emg1,Rps19,Q9CZX8,0.911912,PHYSICAL_INTERACTION,244,145
2192,Q8K2T8,Paf1,Wdr61,Q9ERF3,0.911912,PHYSICAL_INTERACTION,535,305
2195,O35130,Emg1,Rps28,P62858,0.911912,PHYSICAL_INTERACTION,244,69
2197,P16254,Srp14,Srp19,Q9D7A6,0.910911,PHYSICAL_INTERACTION,110,144
2198,Q62159,Rhoc,Diaph1,O08808,0.910911,PHYSICAL_INTERACTION,193,1255
2206,Q9EPC2,Fgf23,Fgfr1,P16092,0.910911,PHYSICAL_INTERACTION,251,822
2207,Q922U1,Prpf3,Sf3a2,Q62203,0.910911,PHYSICAL_INTERACTION,683,475
2210,Q99N57,Raf1,Hras,Q61411,0.90991,PHYSICAL_INTERACTION,648,189
2211,Q9DCU6,Mrpl4,Mrpl57,Q9CQF8,0.90991,PHYSICAL_INTERACTION,294,102
2227,Q64010,Crk,Cbl,P22682,0.907908,PHYSICAL_INTERACTION,304,913
2229,Q99MZ3,Mlxipl,Ywhab,Q9CQV8,0.907908,PHYSICAL_INTERACTION,864,246
2235,Q9CQ40,Mrpl49,Mrpl12,Q9DB15,0.906907,PHYSICAL_INTERACTION,166,201
2242,Q3UKU1,Ell2,Eaf1,Q9D4C5,0.906907,PHYSICAL_INTERACTION,639,268
2243,P09803,Cdh1,Klrg1,O88713,0.906907,PHYSICAL_INTERACTION,884,188
2244,Q8VCB2,Med25,Med6,Q921D4,0.906907,PHYSICAL_INTERACTION,745,246
2246,Q80UW8,Polr2e,Nelfb,Q8C4Y3,0.906907,PHYSICAL_INTERACTION,210,580
2264,Q924H2,Med15,Med9,Q8VCS6,0.902903,PHYSICAL_INTERACTION,789,142
2285,O88522,Ikbkg,Gm8797,A0A0A6YW67,0.900901,PHYSICAL_INTERACTION,412,77
2292,Q9DB34,Chmp2a,Chmp3,Q9CQ10,0.8999,PHYSICAL_INTERACTION,222,224
2293,Q9CQ75,Ndufa2,mt-Nd6,P03925,0.898899,PHYSICAL_INTERACTION,99,172
2297,Q9D8B4,Ndufa11,mt-Nd3,P03899,0.898899,PHYSICAL_INTERACTION,141,115
2300,Q9D8B4,Ndufa11,Ndufa3,Q9CQ91,0.898899,PHYSICAL_INTERACTION,141,84
2302,Q9D8B4,Ndufa11,Ndufb9,Q9CQJ8,0.898899,PHYSICAL_INTERACTION,141,179
2306,Q91YR7,Prpf6,Snrpa1,P57784,0.897898,PHYSICAL_INTERACTION,941,255
2311,Q8VCB2,Med25,Med7,Q9CZB6,0.894895,PHYSICAL_INTERACTION,745,233
2313,Q8BKZ9,Pdhx,Dld,O08749,0.893894,PHYSICAL_INTERACTION,501,509
2314,Q9DB34,Chmp2a,Vps4b,P46467,0.892893,PHYSICAL_INTERACTION,222,444
2321,P53668,Limk1,Cfl1,P18760,0.891892,PHYSICAL_INTERACTION,647,166
2326,P29595,Nedd8,Nae1,Q8VBW6,0.890891,PHYSICAL_INTERACTION,81,534
2327,Q8K363,Ddx18,Ebna1bp2,Q9D903,0.88989,PHYSICAL_INTERACTION,660,306
2333,Q9DCT2,Ndufs3,Uqcrh,P99028,0.88989,PHYSICAL_INTERACTION,263,89
2336,Q3TBW2,Mrpl10,Mrpl36,Q99N90,0.888889,PHYSICAL_INTERACTION,262,102
2337,Q61084,Map3k3,Map2k5,Q9WVS7,0.887888,PHYSICAL_INTERACTION,626,448
2340,Q9CQ75,Ndufa2,Uqcr10,Q8R1I1,0.886887,PHYSICAL_INTERACTION,99,64
2341,Q8VCB2,Med25,Med17,Q8VCD5,0.886887,PHYSICAL_INTERACTION,745,649
2343,Q80UW8,Polr2e,Med19,Q8C1S0,0.886887,PHYSICAL_INTERACTION,210,244
2345,P27512,Cd40,Traf2,P39429,0.885886,PHYSICAL_INTERACTION,289,501
2346,Q8BW10,Nob1,Rpsa,P14206,0.885886,PHYSICAL_INTERACTION,403,295
2347,Q8BW10,Nob1,Rps3a1,P97351,0.885886,PHYSICAL_INTERACTION,403,264
2357,P62814,Atp6v1b2,Atp6v1g1,Q9CR51,0.883884,PHYSICAL_INTERACTION,511,118
2361,Q9CQ40,Mrpl49,Mrpl39,Q9JKF7,0.882883,PHYSICAL_INTERACTION,166,336
2362,Q9D773,Mrpl2,Mrpl11,Q9CQF0,0.882883,PHYSICAL_INTERACTION,306,192
2369,Q922U1,Prpf3,Snrpa1,P57784,0.881882,PHYSICAL_INTERACTION,683,255
2370,Q3TBW2,Mrpl10,Mrps12,O35680,0.881882,PHYSICAL_INTERACTION,262,139
2376,Q8CFK2,Brf1,Polr3f,Q921X6,0.880881,PHYSICAL_INTERACTION,676,316
2377,Q9CQ40,Mrpl49,Mrps30,Q9D0G0,0.880881,PHYSICAL_INTERACTION,166,442
2380,Q3TBW2,Mrpl10,Mrps30,Q9D0G0,0.880881,PHYSICAL_INTERACTION,262,442
2382,Q8VCB2,Med25,Med9,Q8VCS6,0.87988,PHYSICAL_INTERACTION,745,142
2387,Q3TBW2,Mrpl10,Mrps18a,Q99N85,0.87988,PHYSICAL_INTERACTION,262,196
2388,Q3TBW2,Mrpl10,Mrpl39,Q9JKF7,0.87988,PHYSICAL_INTERACTION,262,336
2389,Q3TBW2,Mrpl10,Mrpl9,Q99N94,0.87988,PHYSICAL_INTERACTION,262,265
2392,Q8VCB2,Med25,Med15,Q924H2,0.878879,PHYSICAL_INTERACTION,745,789
2393,P84091,Ap2m1,Necap1,Q9CR95,0.878879,PHYSICAL_INTERACTION,435,275
2394,Q9DB91,Med29,Gtf2f2,Q8R0A0,0.878879,PHYSICAL_INTERACTION,199,249
2396,Q3TBW2,Mrpl10,Mrpl53,Q9D1H8,0.878879,PHYSICAL_INTERACTION,262,118
2399,Q62018,Ctr9,Wdr61,Q9ERF3,0.877878,PHYSICAL_INTERACTION,1173,305
2404,Q8BW10,Nob1,Rps5,P97461,0.877878,PHYSICAL_INTERACTION,403,204
2406,Q61881,Mcm7,Mcmbp,Q8R3C0,0.876877,PHYSICAL_INTERACTION,719,642
2407,Q9D773,Mrpl2,Mrps30,Q9D0G0,0.876877,PHYSICAL_INTERACTION,306,442
2408,Q9D773,Mrpl2,Mrpl39,Q9JKF7,0.876877,PHYSICAL_INTERACTION,306,336
2409,Q3TBW2,Mrpl10,Mrpl12,Q9DB15,0.876877,PHYSICAL_INTERACTION,262,201
2410,P62814,Atp6v1b2,Atp6v1c1,Q9Z1G3,0.875876,PHYSICAL_INTERACTION,511,382
2414,Q3TBW2,Mrpl10,Mrpl55,Q9CZ83,0.874875,PHYSICAL_INTERACTION,262,127
2415,Q8CCF0,Prpf31,Sf3a3,Q9D554,0.874875,PHYSICAL_INTERACTION,499,501
2416,Q61881,Mcm7,Orc3,Q9JK30,0.874875,PHYSICAL_INTERACTION,719,715
2417,P70196,Traf6,Tifa,Q793I8,0.873874,PHYSICAL_INTERACTION,530,184
2419,Q8K4Z5,Sf3a1,Plrg1,Q922V4,0.873874,PHYSICAL_INTERACTION,791,513
2420,Q9DCU6,Mrpl4,Mrpl45,Q9D0Q7,0.873874,PHYSICAL_INTERACTION,294,306
2422,Q8K363,Ddx18,Ftsj3,Q9DBE9,0.873874,PHYSICAL_INTERACTION,660,838
2424,Q8VCB2,Med25,Med20,Q9R0X0,0.872873,PHYSICAL_INTERACTION,745,212
2425,Q3TBW2,Mrpl10,Mrpl18,Q9CQL5,0.872873,PHYSICAL_INTERACTION,262,180
2427,Q922U1,Prpf3,Sf3a3,Q9D554,0.872873,PHYSICAL_INTERACTION,683,501
2429,Q9Z1E4,Gys1,Gyg,Q9R062,0.872873,PHYSICAL_INTERACTION,738,333
2433,Q9CQ40,Mrpl49,Mrpl18,Q9CQL5,0.871872,PHYSICAL_INTERACTION,166,180
2439,Q9DCT2,Ndufs3,Uqcrc2,Q9DB77,0.870871,PHYSICAL_INTERACTION,263,453
2446,Q9DCT2,Ndufs3,Cox4i1,P19783,0.86987,PHYSICAL_INTERACTION,263,169
2448,Q78PY7,Snd1,Mtdh,Q80WJ7,0.86987,PHYSICAL_INTERACTION,910,579
2450,P56382,Atp5e,Atp5b,P56480,0.86987,PHYSICAL_INTERACTION,52,529
2453,Q9D773,Mrpl2,Mrpl50,Q8VDT9,0.868869,PHYSICAL_INTERACTION,306,159
2466,Q3TBW2,Mrpl10,Mrps11,Q9DCA2,0.866867,PHYSICAL_INTERACTION,262,191
2467,Q9CQ71,Rpa3,Rpa2,Q62193,0.866867,PHYSICAL_INTERACTION,121,270
2470,Q9DCT2,Ndufs3,Uqcrc1,Q9CZ13,0.865866,PHYSICAL_INTERACTION,263,480
2481,P70196,Traf6,Rps27a,P62983,0.864865,PHYSICAL_INTERACTION,530,156
2482,Q9D773,Mrpl2,Mrpl16,Q99N93,0.864865,PHYSICAL_INTERACTION,306,251
2483,Q3TBW2,Mrpl10,Mrpl45,Q9D0Q7,0.864865,PHYSICAL_INTERACTION,262,306
2484,Q80UW8,Polr2e,Rpap2,Q8VC34,0.864865,PHYSICAL_INTERACTION,210,614
2485,Q9D773,Mrpl2,Mrpl18,Q9CQL5,0.864865,PHYSICAL_INTERACTION,306,180
2490,Q3UUJ4,Strada,Cab39,Q06138,0.863864,PHYSICAL_INTERACTION,431,341
2497,Q9D773,Mrpl2,Mrpl14,Q9D1I6,0.863864,PHYSICAL_INTERACTION,306,145
2498,Q8K2Y9,Ccm2,Map3k3,Q61084,0.863864,PHYSICAL_INTERACTION,453,626
2508,Q9D773,Mrpl2,Mrpl10,Q3TBW2,0.862863,PHYSICAL_INTERACTION,306,262
2510,Q9D773,Mrpl2,Mrpl19,Q9D338,0.862863,PHYSICAL_INTERACTION,306,292
2520,O35857,Timm44,Hspa9,P38647,0.860861,PHYSICAL_INTERACTION,452,679
2521,Q8K4Z5,Sf3a1,Cwc27,Q3TKY6,0.860861,PHYSICAL_INTERACTION,791,469
2522,Q9JME7,Trappc2l,Trappc11,B2RXC1,0.860861,PHYSICAL_INTERACTION,139,1133
2527,Q9JME7,Trappc2l,Trappc3,O55013,0.860861,PHYSICAL_INTERACTION,139,180
2528,P55258,Rab8a,Rab3ip,Q68EF0,0.85986,PHYSICAL_INTERACTION,207,428
2532,P47754,Capza2,Capzb,P47757,0.85986,PHYSICAL_INTERACTION,286,277
2539,Q9DCW4,Etfb,Acadm,P45952,0.85986,PHYSICAL_INTERACTION,255,421
2542,Q3TBW2,Mrpl10,Mrps14,Q9CR88,0.85986,PHYSICAL_INTERACTION,262,128
2549,Q3TBW2,Mrpl10,Mrpl57,Q9CQF8,0.858859,PHYSICAL_INTERACTION,262,102
2553,Q9QYH9,Tnfsf14,Tnfrsf14,Q80WM9,0.857858,PHYSICAL_INTERACTION,239,275
2554,Q8K2T8,Paf1,Polr2l,P62876,0.857858,PHYSICAL_INTERACTION,535,67
2560,Q9D8B4,Ndufa11,Ndufa7,Q9Z1P6,0.855856,PHYSICAL_INTERACTION,141,113
2569,Q9DB34,Chmp2a,Chmp4b,Q9D8B3,0.855856,PHYSICAL_INTERACTION,222,224
2570,Q9Z1S8,Gab2,Ptpn11,P35235,0.854855,PHYSICAL_INTERACTION,665,593
2571,Q62481,Vps72,Dmap1,Q9JI44,0.854855,PHYSICAL_INTERACTION,368,468
2572,O70422,Gtf2h4,Tcea1,P10711,0.853854,PHYSICAL_INTERACTION,463,301
2582,Q9D8B4,Ndufa11,Ndufa13,Q9ERS2,0.850851,PHYSICAL_INTERACTION,141,144
2585,Q9D773,Mrpl2,Mrpl58,Q8R035,0.848849,PHYSICAL_INTERACTION,306,206
2586,Q9DB91,Med29,Polr2d,Q9D7M8,0.848849,PHYSICAL_INTERACTION,199,142
2593,Q8VCB2,Med25,Med30,Q9CQI9,0.846847,PHYSICAL_INTERACTION,745,178
2595,P47955,Rplp1,Rps19,Q9CZX8,0.845846,PHYSICAL_INTERACTION,114,145
2597,Q80UW8,Polr2e,Med29,Q9DB91,0.844845,PHYSICAL_INTERACTION,210,199
2598,P47955,Rplp1,Rpl38,Q9JJI8,0.844845,PHYSICAL_INTERACTION,114,70
2599,Q9DB91,Med29,Polr2b,Q8CFI7,0.844845,PHYSICAL_INTERACTION,199,1174
2600,Q924H2,Med15,Med30,Q9CQI9,0.844845,PHYSICAL_INTERACTION,789,178
2604,Q8VCB2,Med25,Med27,Q9DB40,0.843844,PHYSICAL_INTERACTION,745,311
2609,Q80Z64,Nanog,Sall4,Q8BX22,0.842843,PHYSICAL_INTERACTION,305,1067
2610,Q9DB05,Napa,Nsf,P46460,0.841842,PHYSICAL_INTERACTION,295,744
2613,P47955,Rplp1,Rpl14,Q9CR57,0.838839,PHYSICAL_INTERACTION,114,217
2615,P12787,Cox5a,Cox8b,P48772,0.837838,PHYSICAL_INTERACTION,146,70
2618,P62814,Atp6v1b2,Atp6ap2,Q9CYN9,0.836837,PHYSICAL_INTERACTION,511,350
2620,O35643,Ap1b1,Ap1s1,P61967,0.836837,PHYSICAL_INTERACTION,943,158
2622,Q8BKZ9,Pdhx,Pdhb,Q9D051,0.836837,PHYSICAL_INTERACTION,501,359
2623,O09061,Psmb1,Sem1,P60897,0.836837,PHYSICAL_INTERACTION,240,70
2624,P62814,Atp6v1b2,Atp6v0c,P63082,0.836837,PHYSICAL_INTERACTION,511,155
2625,P51863,Atp6v0d1,Atp6v1c1,Q9Z1G3,0.836837,PHYSICAL_INTERACTION,351,382
2626,P99026,Psmb4,Sem1,P60897,0.836837,PHYSICAL_INTERACTION,264,70
2627,P84091,Ap2m1,Fcho2,Q3UQN2,0.836837,PHYSICAL_INTERACTION,435,809
2628,Q3TBW2,Mrpl10,Mrpl14,Q9D1I6,0.836837,PHYSICAL_INTERACTION,262,145
2629,Q9DB91,Med29,Polr2g,P62488,0.836837,PHYSICAL_INTERACTION,199,172
2634,P51863,Atp6v0d1,Atp6v1e1,P50518,0.836837,PHYSICAL_INTERACTION,351,226
2641,P51863,Atp6v0d1,Atp6v1g2,Q9WTT4,0.836837,PHYSICAL_INTERACTION,351,118
2646,P62814,Atp6v1b2,Atp6v0d1,P51863,0.836837,PHYSICAL_INTERACTION,511,351
2652,P47955,Rplp1,Rpl31,P62900,0.835836,PHYSICAL_INTERACTION,114,125
2654,Q9DCU6,Mrpl4,Mrpl39,Q9JKF7,0.834835,PHYSICAL_INTERACTION,294,336
2655,Q80UW8,Polr2e,Med30,Q9CQI9,0.834835,PHYSICAL_INTERACTION,210,178
2656,Q80UW8,Polr2e,Med27,Q9DB40,0.834835,PHYSICAL_INTERACTION,210,311
2659,Q9DCU6,Mrpl4,Mrpl18,Q9CQL5,0.834835,PHYSICAL_INTERACTION,294,180
2660,P84099,Rpl19,Eif5b,Q05D44,0.833834,PHYSICAL_INTERACTION,196,1216
2661,Q3TBW2,Mrpl10,Mrps10,Q80ZK0,0.833834,PHYSICAL_INTERACTION,262,160
2662,Q9CQ40,Mrpl49,Mrpl50,Q8VDT9,0.833834,PHYSICAL_INTERACTION,166,159
2663,Q9DCU6,Mrpl4,Mrpl58,Q8R035,0.833834,PHYSICAL_INTERACTION,294,206
2670,Q9CQI7,Snrpb2,Sf3a3,Q9D554,0.833834,PHYSICAL_INTERACTION,225,501
2680,Q9CQ40,Mrpl49,Mrps25,Q9D125,0.833834,PHYSICAL_INTERACTION,166,171
2681,Q9CQ40,Mrpl49,Mrpl20,Q9CQL4,0.833834,PHYSICAL_INTERACTION,166,149
2687,Q3TBW2,Mrpl10,Mrps25,Q9D125,0.833834,PHYSICAL_INTERACTION,262,171
2693,Q3TBW2,Mrpl10,Mrps35,Q8BJZ4,0.833834,PHYSICAL_INTERACTION,262,320
2695,Q9WU39,Scnn1g,Scnn1b,Q9WU38,0.833834,PHYSICAL_INTERACTION,655,638
2696,P12787,Cox5a,Ndufa10,Q99LC3,0.833834,PHYSICAL_INTERACTION,146,355
2699,Q9DCU6,Mrpl4,Mrrf,Q9D6S7,0.833834,PHYSICAL_INTERACTION,294,262
2710,P12787,Cox5a,Ndufs3,Q9DCT2,0.832833,PHYSICAL_INTERACTION,146,263
2711,Q9JMG1,Edf1,Rps2,P25444,0.832833,PHYSICAL_INTERACTION,148,293
2712,P55258,Rab8a,Rabif,Q91X96,0.832833,PHYSICAL_INTERACTION,207,123
2713,Q64729,Tgfbr1,Tgfb1,P04202,0.832833,PHYSICAL_INTERACTION,503,390
2715,Q62018,Ctr9,Polr2h,Q923G2,0.832833,PHYSICAL_INTERACTION,1173,150
2716,Q3TBW2,Mrpl10,Mrpl58,Q8R035,0.832833,PHYSICAL_INTERACTION,262,206
